,Date,Unix,Ticker,DE Ratio,Price,stock_p_change,SP500,sp500_p_change,Difference
0,2004-01-30 19:01:02,1075507262.0,a,0.407,36.65,0.0,1131.130005,0.0,0.0
1,2004-04-13 04:07:11,1081843631.0,a,0.375,31.87,-13.042291950886762,1129.439941,-0.14941377140816745,-12.892878179478595
2,2004-12-13 21:37:34,1102991854.0,a,0.323,23.84,-34.95225102319236,1198.680054,5.971908507545951,-40.92415953073831
3,2006-01-09 02:35:16,1136792116.0,a,0.0,34.65,-5.457025920873124,1290.150024,14.058509481410145,-19.51553540228327
4,2006-06-21 11:01:16,1150902076.0,a,0.368,32.18,-12.19645293315143,1252.199951,10.703451014899041,-22.899903948050472
5,2007-02-20 17:46:56,1172011616.0,a,0.411,32.48,-11.377899045020468,1459.680054,29.046179267430887,-40.42407831245136
6,2007-04-12 05:07:51,1176368871.0,a,0.411,34.62,-5.538881309686224,1447.800049,27.995901673565804,-33.53478298325203
7,2008-01-23 19:28:50,1201134530.0,a,0.645,32.16,-12.251023192360169,1338.599976,18.3418325111091,-30.59285570346927
8,2008-02-14 04:44:34,1202982274.0,a,0.645,32.68,-10.832196452933148,1348.859985,19.248890846989784,-30.081087299922935
9,2011-08-02 06:45:37,1312281937.0,a,54.36,40.79,11.296043656207368,1254.050049,10.867012938976892,0.4290307172304768
10,2011-11-08 05:04:16,1320746656.0,a,51.62,37.74,2.9740791268758624,1275.920044,12.80047725371762,-9.826398126841758
11,2013-05-14 00:28:58,1368505738.0,a,44.12,43.04,17.435197817189636,1650.339966,45.90188207411225,-28.466684256922616
12,2013-09-06 06:09:52,1378462192.0,a,56.39,47.68,30.095497953615286,1655.170044,46.32889558968069,-16.233397636065405
13,2004-04-13 04:20:10,1081844410.0,aa,0.595,34.26,0.0,1129.439941,0.0,0.0
14,2004-09-09 16:15:45,1094760945.0,aa,0.561,32.89,-3.9988324576765835,1118.380005,-0.9792407368033841,-3.0195917208731995
15,2004-11-24 10:37:20,1101310640.0,aa,0.53,33.58,-1.9848219497956794,1181.76001,4.6323905416056,-6.61721249140128
16,2005-01-13 07:18:32,1105618712.0,aa,0.457,29.43,-14.098073555166371,1177.449951,4.250780254635953,-18.348853809802325
17,2005-02-07 03:48:37,1107766117.0,aa,0.457,29.37,-14.27320490367775,1201.719971,6.399634666364247,-20.672839570041997
18,2006-06-20 04:32:21,1150792341.0,aa,0.526,29.1,-15.061295971978975,1240.119995,9.799551971041895,-24.86084794302087
19,2007-01-25 19:09:37,1169770177.0,aa,0.494,31.46,-8.172796263864557,1423.900024,26.07133609417837,-34.244132358042926
20,2007-02-23 09:03:42,1172239422.0,aa,0.494,34.75,1.4302393461763048,1451.189941,28.48757054891509,-27.057331202738787
21,2007-05-16 21:12:47,1179364367.0,aa,0.494,39.04,13.952130764740225,1514.140015,34.06113596969029,-20.109005204950066
22,2007-06-22 06:39:12,1182508752.0,aa,0.503,40.34,17.746643315820215,1502.560059,33.03585294403891,-15.289209628218693
23,2007-10-11 20:57:59,1192150679.0,aa,0.47,38.08,11.150029188558088,1554.410034,37.626621617766915,-26.47659242920883
24,2008-01-23 16:05:53,1201122353.0,aa,0.499,28.04,-18.155283129013426,1338.599976,18.518916093476445,-36.674199222489875
25,2008-10-28 00:52:22,1225169542.0,aa,0.672,9.04,-73.61354349095154,940.51001,-16.727753653967874,-56.88578983698367
26,2008-12-05 01:03:15,1228456995.0,aa,0.672,8.06,-76.47402218330413,876.070007,-22.433236580571755,-54.04078560273237
27,2008-12-18 10:54:07,1229615647.0,aa,0.672,10.35,-69.78984238178634,885.2800289999999,-21.617786226315168,-48.172056155471175
28,2009-03-09 18:17:50,1236637070.0,aa,0.672,5.49,-83.97548161120841,676.530029,-40.10039804321035,-43.87508356799806
29,2011-11-02 22:04:47,1320285887.0,aa,50.93,10.7,-68.76824284880327,1237.900024,9.602996942357994,-78.37123979116126
30,2012-03-09 07:34:06,1331296446.0,aa,54.5,9.77,-71.48277875072971,1370.869995,21.37608607910918,-92.8588648298389
31,2012-03-19 02:24:48,1332138288.0,aa,54.5,10.54,-69.23525977816696,1409.75,24.81850064128376,-94.05376041945073
32,2012-11-27 11:38:14,1354034294.0,aa,56.51,8.31,-75.74430823117338,1398.939941,23.86138387857845,-99.60569210975183
33,2013-01-22 17:52:37,1358895157.0,aa,53.49,9.16,-73.26328079392877,1492.560059,32.15045836598405,-105.41373915991282
34,2013-04-23 20:02:57,1366761777.0,aa,53.21,8.12,-76.29889083479277,1578.780029,39.78432776178932,-116.0832185965821
35,2013-04-26 20:55:15,1367024115.0,aa,53.21,8.27,-75.8610624635143,1582.23999,40.090670832757446,-115.95173329627175
36,2004-02-03 07:33:34,1075811614.0,aapl,0.07,22.32,0.0,1136.030029,0.0,0.0
37,2004-06-03 01:20:38,1086240038.0,aapl,0.0,28.92,29.569892473118287,1116.640015,-1.7068223114725487,31.276714784590837
38,2004-08-10 02:02:44,1092117764.0,aapl,0.0,30.3,35.752688172043015,1079.040039,-5.016591863347657,40.76928003539067
39,2004-10-12 05:40:57,1097574057.0,aapl,0.0,38.59,72.89426523297492,1121.839966,-1.2490922456064768,74.1433574785814
40,2005-01-26 15:16:47,1106770607.0,aapl,0.0,71.94,222.31182795698925,1174.069946,3.348495728892397,218.96333222809685
41,2005-02-04 03:07:08,1107504428.0,aapl,0.0,77.81,248.61111111111111,1203.030029,5.897731423435815,242.71337968767529
42,2005-03-01 10:36:03,1109691363.0,aapl,0.0,44.86,100.98566308243726,1210.410034,6.547362578564372,94.43830050387288
43,2006-01-25 09:43:52,1138200232.0,aapl,0.0,76.04,240.68100358422942,1264.680054,11.32452679206422,229.3564767921652
44,2006-02-03 13:49:59,1138992599.0,aapl,0.0,72.1,223.02867383512543,1264.030029,11.26730779402663,211.7613660410988
45,2006-02-07 09:17:30,1139321850.0,aapl,0.0,67.3,201.5232974910394,1254.780029,10.453068754223924,191.07022873681547
46,2006-02-17 15:01:01,1140206461.0,aapl,0.0,70.21,214.56093189964153,1287.23999,13.310384157107524,201.250547742534
47,2008-01-23 06:28:45,1201087725.0,aapl,0.0,155.64,597.3118279569892,1338.599976,17.831390177098918,579.4804377798903
48,2008-10-27 05:55:02,1225101302.0,aapl,0.0,96.38,331.8100358422939,848.919983,-25.273103586243316,357.08313942853727
49,2008-10-29 21:14:51,1225329291.0,aapl,0.0,104.55,368.4139784946236,930.090027,-18.12804210653485,386.54202060115847
50,2008-10-31 22:34:03,1225506843.0,aapl,0.0,107.59,382.03405017921153,968.75,-14.724965426067977,396.7590156052795
51,2008-12-03 23:41:54,1228365714.0,aapl,0.0,95.9,329.65949820788535,870.73999,-23.352379094549445,353.0118773024348
52,2008-12-16 01:57:34,1229410654.0,aapl,0.0,94.75,324.5071684587814,913.179993,-19.61656209001497,344.12373054879635
53,2008-12-17 02:12:01,1229497921.0,aapl,0.0,95.43,327.5537634408603,904.419983,-20.387669347427085,347.9414327882874
54,2009-01-12 07:25:12,1231763112.0,aapl,0.0,90.58,305.8243727598566,870.26001,-23.394629738260207,329.2190024981168
55,2009-10-22 17:48:46,1256248126.0,aapl,0.0,204.211,814.9238351254482,1092.910034,-3.795673872983512,818.7195089984317
56,2009-11-12 14:53:38,1258055618.0,aapl,0.0,204.096,814.4086021505377,1087.23999,-4.294784271059086,818.7033864215969
57,2011-09-02 04:10:00,1314951000.0,aapl,0.0,381.03,1607.1236559139784,1173.969971,3.3396953453243596,1603.783960568654
58,2011-10-14 06:15:31,1318587331.0,aapl,0.0,408.43,1729.883512544803,1224.579956,7.794681895684293,1722.0888306491186
59,2011-11-03 17:19:46,1320355186.0,aapl,0.0,399.21,1688.5752688172045,1261.150024,11.013792928531823,1677.5614758886727
60,2012-05-15 15:13:11,1337109191.0,aapl,0.0,559.26,2405.6451612903224,1330.660034,17.132470095999548,2388.512691194323
61,2012-10-11 20:20:07,1350001207.0,aapl,0.0,628.1,2714.0681003584227,1432.839966,26.126944660192603,2687.94115569823
62,2013-04-23 03:01:29,1366700489.0,aapl,0.0,398.67,1686.1559139784947,1578.780029,38.973441607853836,1647.1824723706409
63,2013-05-16 23:28:32,1368761312.0,aapl,0.0,434.58,1847.0430107526881,1650.469971,45.28400912543131,1801.7590016272568
64,2013-06-19 09:57:38,1371650258.0,abbv,512.61,43.54,0.0,1628.930054,0.0,0.0
65,2004-01-28 07:37:34,1075293454.0,abc,0.429,56.36,0.0,1128.47998,0.0,0.0
66,2004-10-20 01:31:26,1098250286.0,abc,0.331,52.1,-7.558552164655781,1103.660034,-2.1994139408658424,-5.359138223789939
67,2005-03-30 19:52:42,1112230362.0,abc,0.291,55.44,-1.632363378282473,1181.410034,4.69038484847555,-6.322748226758023
68,2005-05-26 01:50:44,1117086644.0,abc,0.23,65.93,16.98012775017744,1197.619995,6.126826902148494,10.853300848028947
69,2007-02-20 06:12:02,1171969922.0,abc,0.308,54.9,-2.5904897090134864,1459.680054,29.34922017845632,-31.939709887469807
70,2007-04-05 16:11:07,1175803867.0,abc,0.308,53.94,-4.293825408090847,1443.76001,27.93846905463045,-32.2322944627213
71,2008-01-23 20:34:05,1201138445.0,abc,0.396,45.55,-19.180269694819025,1338.599976,18.619736257970647,-37.800005952789675
72,2009-02-09 08:47:34,1234187254.0,abc,0.396,38.76,-31.2278211497516,869.8900150000001,-22.914891675792067,-8.312929473959532
73,2011-07-08 00:04:15,1310097855.0,abc,42.86,43.05,-23.616039744499652,1343.800049,19.080539559062434,-42.69657930356209
74,2012-02-28 18:01:38,1330470098.0,abc,66.41,37.75,-33.01987224982257,1372.180054,21.595427328715203,-54.61529957853777
75,2013-04-25 01:02:00,1366866120.0,abc,59.73,55.82,-0.9581263307310134,1585.160034,40.46860042656671,-41.42672675729772
76,2004-09-20 13:31:02,1095701462.0,abt,0.543,42.92,0.0,1122.199951,0.0,0.0
77,2005-01-25 12:44:11,1106675051.0,abt,0.508,45.93,7.013047530288905,1168.410034,4.117811888943839,2.8952356413450655
78,2005-02-28 19:21:54,1109636514.0,abt,0.508,45.61,6.267474370922642,1203.599976,7.253611526846333,-0.9861371559236911
79,2006-07-18 12:32:14,1153240334.0,abt,0.436,44.48,3.63466915191052,1236.859985,10.217433524019107,-6.582764372108587
80,2007-03-23 02:47:40,1174632460.0,abt,0.883,54.5,26.980428704566627,1436.109985,27.972736384480555,-0.9923076799139281
81,2007-04-10 20:13:09,1176250389.0,abt,0.883,57.11,33.06150978564771,1448.390015,29.06701820021732,3.9944915854303886
82,2008-01-23 23:41:45,1201149705.0,abt,0.784,57.97,35.06523765144454,1338.599976,19.283553239078685,15.781684412365856
83,2008-04-28 03:46:55,1209368815.0,abt,0.687,51.28,19.478098788443614,1396.369995,24.43147887822354,-4.953380089779927
84,2008-10-23 21:57:42,1224813462.0,abt,0.732,55.02,28.191985088536814,908.1099849999999,-19.077702312250423,47.269687400787234
85,2011-08-05 04:11:33,1312531893.0,abt,76.17,48.77,13.630009319664497,1199.380005,6.877567044199588,6.752442275464909
86,2011-09-02 09:24:27,1314969867.0,abt,68.83,51.94,21.015843429636526,1173.969971,4.613261652156313,16.402581777480215
87,2011-11-02 06:21:21,1320229281.0,abt,68.83,52.76,22.92637465051257,1237.900024,10.310112105859464,12.616262544653107
88,2012-03-02 20:56:30,1330739790.0,abt,62.85,57.39,33.71388630009319,1369.630005,22.04866020351483,11.665226096578362
89,2012-03-30 05:44:15,1333100655.0,abt,62.85,60.98,42.07828518173344,1408.469971,25.509715959700653,16.56856922203279
90,2013-05-08 18:10:02,1368051002.0,abt,76.36,36.06,-15.983224603914255,1632.689941,45.49010981020797,-61.47333441412222
91,2004-08-16 22:53:27,1092711207.0,ace,0.26,39.1,0.0,1079.339966,0.0,0.0
92,2005-01-13 13:27:29,1105640849.0,ace,0.21,42.76,9.360613810741679,1177.449951,9.089813042279216,0.2708007684624629
93,2007-02-20 18:32:05,1172014325.0,ace,0.171,58.6,49.87212276214834,1459.680054,35.238210386068474,14.633912376079863
94,2007-04-05 15:54:06,1175802846.0,ace,0.171,57.24,46.39386189258312,1443.76001,33.76323081508129,12.630631077501825
95,2008-01-23 21:48:58,1201142938.0,ace,0.154,59.98,53.40153452685421,1338.599976,24.020236270950793,29.38129825590342
96,2010-12-07 07:29:30,1291724970.0,ace,23.09,59.06,51.04859335038363,1223.75,13.379476212224315,37.66911713815932
97,2011-08-11 20:49:00,1313110140.0,ace,27.7,63.42,62.19948849104859,1172.640015,8.644176250210302,53.55531224083829
98,2013-04-23 04:24:03,1366705443.0,ace,24.94,89.27,128.31202046035804,1578.780029,46.272729513659094,82.03929094669894
99,2013-05-16 15:08:57,1368731337.0,ace,27.94,92.58,136.77749360613808,1650.469971,52.9147463256262,83.86274728051188
100,2003-12-15 23:12:24,1071547944.0,aci,1.074,30.78,0.0,1068.040039,0.0,0.0
101,2005-01-24 04:33:07,1106559187.0,aci,1.18,34.52,12.150747238466543,1163.75,8.961270879845735,3.1894763586208086
102,2005-03-30 06:50:28,1112183428.0,aci,0.936,41.15,33.69070825211175,1181.410034,10.614770126609459,23.07593812550229
103,2006-05-24 04:17:01,1148458621.0,aci,0.854,46.39,50.71474983755685,1258.569946,17.83921014594099,32.87553969161586
104,2008-06-05 02:23:56,1212647036.0,aci,0.899,67.52,119.3632228719948,1404.050049,31.460431981052352,87.90279089094244
105,2008-10-08 20:51:28,1223513488.0,aci,0.772,25.11,-18.421052631578952,984.9400019999999,-7.780610648062048,-10.640441983516904
106,2008-12-05 05:35:57,1228473357.0,aci,0.767,11.93,-61.241065627030544,876.070007,-17.97404825569465,-43.267017371335896
107,2011-08-18 01:16:41,1313644601.0,aci,118.77,19.7,-35.997400909681616,1140.650024,6.798432862871357,-42.795833772552974
108,2012-07-26 21:31:10,1343352670.0,aci,113.56,5.26,-82.9109811565952,1360.02002,27.33792464123154,-110.24890579782674
109,2013-04-23 05:25:15,1366709115.0,aci,179.32,4.89,-84.1130604288499,1578.780029,47.82030367309105,-131.93336410194095
110,2013-04-25 06:05:53,1366884353.0,aci,179.32,4.76,-84.53541260558805,1585.160034,48.417660023698794,-132.95307262928685
111,2004-12-10 06:26:24,1102677984.0,acn,0.023,26.2,0.0,1188.0,0.0,0.0
112,2005-02-10 03:10:56,1108023056.0,acn,0.023,25.51,-2.6335877862595334,1197.01001,0.7584183501683472,-3.392006136427881
113,2005-04-04 05:07:40,1112605660.0,acn,0.023,24.44,-6.717557251908389,1176.119995,-1.0000004208754194,-5.717556831032969
114,2006-08-22 00:50:41,1156222241.0,acn,0.034,28.57,9.045801526717561,1298.819946,9.32827828282829,-0.28247675611072864
115,2006-08-22 06:44:05,1156243445.0,acn,0.034,28.57,9.045801526717561,1298.819946,9.32827828282829,-0.28247675611072864
116,2006-11-02 16:40:55,1162503655.0,acn,0.027,32.96,25.80152671755726,1367.339966,15.095956734006736,10.705569983550523
117,2007-03-14 19:10:39,1173913839.0,acn,0.018,35.39,35.076335877862604,1387.170044,16.765155218855217,18.311180659007388
118,2007-06-05 04:17:34,1181031454.0,acn,0.015,41.24,57.40458015267177,1530.949951,28.867840993265997,28.536739159405773
119,2007-07-06 07:06:36,1183719996.0,acn,0.015,42.81,63.39694656488552,1530.439941,28.824910858585866,34.57203570629965
120,2008-04-07 01:42:51,1207546971.0,acn,0.004,36.77,40.3435114503817,1372.540039,15.533673316498314,24.80983813388338
121,2008-12-02 16:28:13,1228253293.0,acn,0.003,29.98,14.427480916030538,848.8099980000001,-28.551346969696965,42.978827885727505
122,2009-08-10 19:40:05,1249947605.0,acn,0.001,35.85,36.8320610687023,1007.099976,-15.22727474747475,52.059335816177054
123,2011-09-01 16:51:37,1314910297.0,acn,0.11,53.62,104.6564885496183,1204.420044,1.3821585858585828,103.27432996375973
124,2011-11-08 00:40:19,1320730819.0,acn,0.1,58.0,121.37404580152673,1275.920044,7.400677104377102,113.97336869714964
125,2012-02-29 00:47:01,1330494421.0,acn,0.15,59.76,128.0916030534351,1365.680054,14.956233501683498,113.13536955175161
126,2013-04-23 04:45:22,1366706722.0,acn,0.0,74.94,186.03053435114504,1578.780029,32.89394183501684,153.1365925161282
127,2013-05-10 03:17:29,1368170249.0,acn,0.0,80.09,205.68702290076337,1633.699951,37.516830892255896,168.17019200850746
128,2004-11-12 17:19:37,1100297977.0,adbe,0.0,58.1,0.0,1184.170044,0.0,0.0
129,2005-02-07 16:20:07,1107811207.0,adbe,0.0,63.67,9.586919104991393,1201.719971,1.4820444993455708,8.104874605645822
130,2005-04-05 04:12:22,1112688742.0,adbe,0.0,66.58,14.595524956970735,1181.390015,-0.23476602993683002,14.830290986907565
131,2005-08-31 10:51:30,1125499890.0,adbe,0.0,27.12,-53.32185886402754,1220.329956,3.053608067795378,-56.37546693182292
132,2006-02-21 13:18:21,1140545901.0,adbe,0.0,37.8,-34.939759036144586,1283.030029,8.348461903837864,-43.28822093998245
133,2006-04-07 10:36:37,1144420597.0,adbe,0.0,36.1,-37.8657487091222,1295.5,9.401517675952968,-47.26726638507517
134,2006-06-23 19:31:40,1151105500.0,adbe,0.0,30.5,-47.50430292598967,1244.5,5.094703780566167,-52.59900670655584
135,2006-11-28 09:44:25,1164725065.0,adbe,0.0,40.22,-30.77452667814114,1386.719971,17.10480078653299,-47.879327464674134
136,2007-03-09 02:36:54,1173425814.0,adbe,0.0,39.08,-32.73666092943202,1402.839966,18.46609134456369,-51.20275227399571
137,2007-03-15 06:30:18,1173954618.0,adbe,0.0,39.3,-32.3580034423408,1392.280029,17.574332846406648,-49.93233628874745
138,2007-03-28 17:43:54,1175118234.0,adbe,0.0,42.14,-27.469879518072286,1417.22998,19.68128962397567,-47.151169142047955
139,2007-04-30 09:07:29,1177938449.0,adbe,0.0,42.89,-26.179001721170398,1482.369995,25.18219005040125,-51.36119177157165
140,2007-05-01 10:38:04,1178030284.0,adbe,0.0,41.56,-28.46815834767642,1486.300049,25.51407262249576,-53.98223097017218
141,2007-05-30 21:47:54,1180576074.0,adbe,0.0,43.22,-25.611015490533568,1530.22998,29.22383805885231,-54.834853549385876
142,2007-05-31 04:45:00,1180601100.0,adbe,0.0,43.22,-25.611015490533568,1530.619995,29.25677378476229,-54.86778927529586
143,2007-10-18 06:04:41,1192701881.0,adbe,0.0,45.97,-20.87779690189329,1540.079956,30.055642245244986,-50.93343914713827
144,2008-01-23 23:45:57,1201149957.0,adbe,0.0,34.33,-40.91222030981068,1338.599976,13.041195627475272,-53.95341593728595
145,2008-12-04 14:30:57,1228419057.0,adbe,0.08,22.54,-61.204819277108435,845.2199710000001,-28.623429102720984,-32.58139017438745
146,2008-12-05 00:15:55,1228454155.0,adbe,0.08,20.44,-64.81927710843372,876.070007,-26.018225892564455,-38.801051215869265
147,2008-12-17 11:42:55,1229532175.0,adbe,0.08,22.32,-61.58347676419965,904.419983,-23.62414607745304,-37.95933068674661
148,2011-08-05 04:11:46,1312531906.0,adbe,28.17,26.15,-54.99139414802065,1199.380005,1.2844406153547336,-56.275834763375386
149,2011-10-18 13:47:26,1318960046.0,adbe,27.25,26.24,-54.836488812392425,1225.380005,3.4800712286891815,-58.31656004108161
150,2012-07-02 04:31:22,1341217882.0,adbe,24.76,32.37,-44.28571428571429,1365.51001,15.313676183485688,-59.59939046919998
151,2004-01-20 06:29:18,1074598158.0,adi,0.0,50.5,0.0,1138.77002,0.0,0.0
152,2004-05-12 18:46:27,1084401987.0,adi,0.0,45.04,-10.811881188118813,1097.280029,-3.643403871837083,-7.168477316281729
153,2004-06-22 09:09:13,1087909753.0,adi,0.0,45.03,-10.831683168316829,1134.410034,-0.38286799998474985,-10.448815168332079
154,2004-08-10 02:07:28,1092118048.0,adi,0.0,35.92,-28.87128712871287,1079.040039,-5.24513114597098,-23.62615598274189
155,2004-11-11 09:56:15,1100184975.0,adi,0.0,38.5,-23.762376237623762,1173.47998,3.0480219351050475,-26.81039817272881
156,2005-01-24 03:34:28,1106555668.0,adi,0.0,34.47,-31.742574257425744,1163.75,2.1935930487527298,-33.936167306178476
157,2005-03-17 01:05:45,1111039545.0,adi,0.0,35.92,-28.87128712871287,1190.209961,4.517149213324047,-33.38843634203692
158,2005-04-08 23:33:20,1113017600.0,adi,0.0,35.67,-29.366336633663366,1181.199951,3.725943803824422,-33.09228043748779
159,2005-09-07 23:00:53,1126148453.0,adi,0.0,36.88,-26.970297029702966,1236.359985,8.569769425436764,-35.54006645513973
160,2005-10-31 08:19:48,1130764788.0,adi,0.0,34.61,-31.465346534653467,1207.01001,5.992429445938526,-37.45777598059199
161,2006-12-06 22:26:10,1165461970.0,adi,0.0,33.57,-33.524752475247524,1412.900024,24.07246407839224,-57.59721655363977
162,2007-02-20 18:32:29,1172014349.0,adi,0.0,32.97,-34.71287128712871,1459.680054,28.180407664753943,-62.89327895188266
163,2007-04-05 11:21:28,1175786488.0,adi,0.0,35.37,-29.960396039603964,1443.76001,26.782404229433443,-56.7428002690374
164,2008-01-23 20:59:26,1201139966.0,adi,0.0,27.74,-45.069306930693074,1338.599976,17.54787643601647,-62.61718336670954
165,2008-04-17 12:21:31,1208449291.0,adi,0.0,31.44,-37.742574257425744,1365.560059,19.915350335619124,-57.65792459304487
166,2008-10-14 20:39:34,1224031174.0,adi,0.0,22.77,-54.910891089108915,998.01001,-12.360705632204821,-42.550185456904096
167,2008-12-12 10:52:17,1229097137.0,adi,0.0,18.46,-63.445544554455445,879.7299800000001,-22.747353324247143,-40.6981912302083
168,2008-12-18 00:52:29,1229579549.0,adi,0.0,19.68,-61.02970297029703,885.2800289999999,-22.259981080288718,-38.76972189000831
169,2009-03-27 16:45:23,1238186723.0,adi,0.0,20.0,-60.396039603960396,815.9400019999999,-28.349009223126547,-32.047030380833846
170,2011-08-05 04:12:35,1312531955.0,adi,25.32,31.63,-37.366336633663366,1199.380005,5.3224078554509235,-42.68874448911429
171,2012-03-19 11:50:51,1332172251.0,adi,22.65,39.7,-21.38613861386138,1409.75,23.795847734031504,-45.18198634789289
172,2013-04-22 02:24:41,1366611881.0,adi,17.57,42.36,-16.11881188118812,1562.5,37.20944286889464,-53.32825475008276
173,2003-11-12 17:41:28,1068676888.0,adm,0.733,14.48,0.0,1058.530029,0.0,0.0
174,2004-04-14 16:44:25,1081975465.0,adm,0.789,16.81,16.091160220994464,1128.170044,6.578936174894283,9.512224046100181
175,2004-11-30 07:08:52,1101816532.0,adm,0.613,21.23,46.61602209944751,1173.819946,10.891511231751752,35.72451086769576
176,2005-01-26 00:58:06,1106719086.0,adm,0.613,22.65,56.42265193370164,1174.069946,10.915128889555579,45.507523044146055
177,2005-02-08 21:21:16,1107915676.0,adm,0.613,23.71,63.74309392265194,1202.300049,13.58204453923904,50.161049383412895
178,2005-02-14 20:39:46,1108431586.0,adm,0.528,24.5,69.1988950276243,1206.140015,13.944808551104405,55.2540864765199
179,2006-04-06 18:53:48,1144364028.0,adm,0.52,37.05,155.87016574585633,1309.040039,23.66583877045589,132.20432697540045
180,2006-04-07 06:53:49,1144407229.0,adm,0.52,36.92,154.97237569060772,1295.5,22.386702739445855,132.58567295116185
181,2006-04-12 00:58:21,1144817901.0,adm,0.52,36.55,152.4171270718232,1288.119995,21.689509008723647,130.72761806309956
182,2006-04-24 19:49:42,1145922582.0,adm,0.52,38.45,165.5386740331492,1308.109985,23.577975982011562,141.96069805113763
183,2006-04-28 06:30:41,1146220241.0,adm,0.52,36.19,149.9309392265193,1310.609985,23.814152560049862,126.11678666646945
184,2006-05-16 14:27:00,1147804020.0,adm,0.514,43.1,197.65193370165747,1292.079956,22.06360902398169,175.58832467767579
185,2007-02-20 08:05:08,1171976708.0,adm,0.541,35.88,147.79005524861878,1459.680054,37.89689607379101,109.89315917482777
186,2007-03-07 08:11:55,1173273115.0,adm,0.541,32.96,127.62430939226519,1391.969971,31.50028179313938,96.12402759912581
187,2007-04-09 12:40:37,1176136837.0,adm,0.541,37.02,155.66298342541438,1444.609985,36.47321714290261,119.18976628251177
188,2007-06-18 03:24:32,1182151472.0,adm,0.597,34.57,138.74309392265195,1531.050049,44.63926455127518,94.10382937137678
189,2007-06-19 05:10:54,1182244254.0,adm,0.597,34.75,139.98618784530385,1533.699951,44.88960246587393,95.09658537942991
190,2007-10-12 05:57:34,1192183054.0,adm,0.47,34.9,141.0220994475138,1561.800049,47.54423646114624,93.47786298636755
191,2008-01-23 23:14:44,1201148084.0,adm,0.62,40.85,182.11325966850828,1338.599976,26.458384677530955,155.65487499097733
192,2009-01-09 16:47:55,1231537675.0,adm,0.628,27.94,92.95580110497238,890.349976,-15.88807576473582,108.8438768697082
193,2011-07-29 19:09:22,1311980962.0,adm,85.48,30.64,111.60220994475138,1292.280029,22.082510046580833,89.51969989817054
194,2011-08-05 04:13:27,1312532007.0,adm,85.48,28.05,93.71546961325967,1199.380005,13.30618613938254,80.40928347387714
195,2011-09-28 04:29:00,1317198540.0,adm,54.78,25.77,77.9696132596685,1151.060059,8.7413703404724,69.2282429191961
196,2013-06-07 17:17:34,1370639854.0,adm,46.71,33.02,128.0386740331492,1643.380005,55.251146398984204,72.78752763416499
197,2004-05-12 18:03:39,1084399419.0,adp,0.015,45.7,0.0,1097.280029,0.0,0.0
198,2006-06-27 09:26:37,1151414797.0,adp,0.012,44.48,-2.6695842450765994,1239.199951,12.933792491360474,-15.603376736437074
199,2007-02-20 18:32:39,1172014359.0,adp,0.012,50.7,10.940919037199125,1459.680054,33.027123015286364,-22.08620397808724
200,2007-10-22 09:12:40,1193058760.0,adp,0.008,47.52,3.982494529540482,1506.329956,37.27853566903841,-33.29604113949793
201,2008-01-23 19:35:35,1201134935.0,adp,0.078,38.56,-15.62363238512035,1338.599976,21.992558018204843,-37.61619040332519
202,2009-03-27 23:09:31,1238209771.0,adp,0.288,35.5,-22.31947483588622,815.9400019999999,-25.63976556252443,3.3202907266382127
203,2009-06-22 11:11:50,1245683510.0,adp,0.288,35.68,-21.925601750547052,893.0399779999999,-18.613302493633565,-3.3122992569134873
204,2011-08-05 04:11:51,1312531911.0,adp,0.57,47.88,4.770240700218817,1199.380005,9.304824046879649,-4.534583346660831
205,2011-09-30 03:20:09,1317367209.0,adp,0.62,48.12,5.295404814004364,1131.420044,3.1113311185580637,2.1840736954463003
206,2012-01-04 00:07:51,1325653671.0,adp,0.61,54.46,19.16849015317286,1277.300049,16.406023552990405,2.7624666001824565
207,2012-04-20 21:07:33,1334970453.0,adp,0.58,55.02,20.393873085339166,1378.530029,25.63156100237381,-5.237687917034645
208,2012-07-26 00:02:28,1343275348.0,adp,0.27,55.41,21.247264770240683,1360.02002,23.944661714060953,-2.6973969438202694
209,2013-02-06 18:15:11,1360192511.0,adp,7.29,60.33,32.01312910284463,1512.119995,37.80620762578374,-5.793078522939112
210,2013-04-23 04:13:36,1366704816.0,adp,0.46,65.5,43.326039387308526,1578.780029,43.881232436063954,-0.5551930487554273
211,2013-04-26 14:37:22,1367001442.0,adp,0.46,66.59,45.71115973741794,1582.23999,44.19655404117448,1.514605696243457
212,2003-10-03 16:48:40,1065214120.0,adsk,0.0,18.44,0.0,1029.849976,0.0,0.0
213,2004-08-03 23:39:21,1091590761.0,adsk,0.0,39.96,116.70281995661604,1099.689941,6.781566891059492,109.92125306555654
214,2005-02-25 15:10:44,1109362244.0,adsk,0.0,29.83,61.767895878524925,1211.369995,17.625870100520356,44.142025778004566
215,2005-04-19 09:08:08,1113916088.0,adsk,0.0,31.69,71.85466377440348,1152.780029,11.93669523375316,59.91796854065032
216,2007-03-09 02:37:05,1173425825.0,adsk,0.0,38.53,108.94793926247289,1402.839966,36.21789568308928,72.7300435793836
217,2007-05-29 18:50:01,1180479001.0,adsk,0.0,44.53,141.48590021691973,1518.109985,47.4107899576239,94.07511025929583
218,2007-12-24 21:50:49,1198551049.0,adsk,0.0,51.02,176.6811279826464,1496.449951,45.30756769178194,131.37356029086445
219,2008-01-23 23:44:14,1201149854.0,adsk,0.0,40.75,120.9869848156182,1338.599976,29.980094887141117,91.00688992847708
220,2009-06-18 19:51:54,1245369114.0,adsk,0.0,20.69,12.20173535791757,918.3699949999999,-10.824875816669444,23.026611174587014
221,2012-08-28 20:58:45,1346201925.0,adsk,0.0,31.23,69.36008676789587,1409.300049,36.8451795740004,32.51490719389547
222,2012-11-07 12:09:30,1352308170.0,adsk,0.0,32.41,75.75921908893706,1394.530029,35.41098815348228,40.34823093545478
223,2013-02-06 12:50:17,1360173017.0,adsk,5.45,39.06,111.82212581344902,1512.119995,46.8291528124481,64.99297300100092
224,2013-05-14 02:47:26,1368514046.0,adsk,36.49,38.9,110.95444685466376,1650.339966,60.25052235375301,50.703924500910745
225,2013-04-23 04:44:32,1366706672.0,adt,48.01,43.84,0.0,1578.780029,0.0,0.0
226,2013-05-09 13:05:42,1368119142.0,adt,69.94,44.47,1.4370437956204276,1626.670044,3.0333557633316093,-1.5963119677111817
227,2004-09-24 17:33:50,1096061630.0,aee,0.804,46.07,0.0,1110.109985,0.0,0.0
228,2004-11-02 15:30:15,1099427415.0,aee,0.804,48.01,4.210983286303446,1130.560059,1.84216647686489,2.3688168094385564
229,2005-12-16 06:43:01,1134733381.0,aee,0.863,52.32,13.566312133709571,1267.319946,14.16165633353888,-0.5953441998293094
230,2006-01-10 11:29:29,1136910569.0,aee,0.863,51.66,12.133709572389833,1289.689941,16.176771529534527,-4.043061957144694
231,2007-02-20 06:12:12,1171969932.0,aee,0.965,53.51,16.14933796396787,1459.680054,31.489678835741653,-15.340340871773783
232,2008-01-23 19:17:07,1201133827.0,aee,1.02,46.34,0.5860646841762603,1338.599976,20.58264443049757,-19.99657974632131
233,2010-02-18 18:51:00,1266537060.0,aee,1.02,25.625,-44.378120251790754,1106.75,-0.30267136098231306,-44.07544889080844
234,2010-03-23 07:53:00,1269345180.0,aee,1.02,25.82,-43.95485131321901,1174.170044,5.770604702740324,-49.72545601595933
235,2012-04-23 16:14:50,1335212090.0,aee,86.81,31.45,-31.734317343173434,1366.939941,23.135541475198966,-54.8698588183724
236,2013-05-15 17:35:45,1368653745.0,aee,94.51,36.37,-21.054916431517263,1658.780029,49.42483640483604,-70.4797528363533
237,2007-09-20 19:04:16,1190329456.0,aeo,94.51,25.61,0.0,1518.75,0.0,0.0
238,2008-01-24 01:42:43,1201156963.0,aeo,94.51,22.64,-11.597032409215146,1352.069946,-10.974818370370365,-0.6222140388447812
239,2008-12-08 10:59:42,1228751982.0,aeo,0.054,9.73,-62.007028504490435,909.7000119999999,-40.102056823045274,-21.90497168144516
240,2009-01-12 14:36:10,1231788970.0,aeo,0.054,10.13,-60.445138617727444,870.26001,-42.69892938271605,-17.746209235011392
241,2011-11-17 07:59:18,1321534758.0,aeo,0.054,13.97,-45.45099570480281,1216.130005,-19.925596378600822,-25.525399326201985
242,2012-07-23 18:32:30,1343082750.0,aeo,0.054,20.27,-20.851229988285827,1350.52002,-11.076871111111116,-9.774358877174711
243,2013-05-10 12:59:12,1368205152.0,aeo,0.054,19.57,-23.584537290121045,1633.699951,7.568721053497946,-31.15325834361899
244,2004-08-03 23:58:46,1091591926.0,aep,1.754,31.64,0.0,1099.689941,0.0,0.0
245,2005-04-04 22:37:45,1112668665.0,aep,1.435,33.96,7.332490518331227,1176.119995,6.950145777499653,0.38234474083157366
246,2007-03-07 02:53:36,1173254016.0,aep,1.342,45.33,43.26801517067003,1391.969971,26.57840352110667,16.689611649563364
247,2007-04-10 20:12:53,1176250373.0,aep,1.457,49.34,55.94184576485463,1448.390015,31.70894458513555,24.232901179719075
248,2008-01-23 20:30:47,1201138247.0,aep,1.55,43.82,38.49557522123894,1338.599976,21.72521781755571,16.770357403683228
249,2011-04-08 04:53:43,1302252823.0,aep,136.63,35.47,12.10493046776232,1328.170044,20.776774841846066,-8.671844374083745
250,2012-07-27 00:36:41,1343363801.0,aep,123.75,41.95,32.58533501896335,1385.969971,26.032795184038143,6.552539834925206
251,2013-04-25 05:13:54,1366881234.0,aep,126.19,50.9,60.87231352718078,1585.160034,44.14608835637243,16.72622517080835
252,2003-10-03 17:23:47,1065216227.0,aes,101.18,7.96,0.0,1029.849976,0.0,0.0
253,2003-12-15 21:31:38,1071541898.0,aes,29.748,8.39,5.402010050251263,1068.040039,3.70831323882072,1.6936968114305433
254,2004-08-04 00:04:30,1091592270.0,aes,15.619,9.66,21.356783919597994,1098.630005,6.6786454923411105,14.678138427256883
255,2004-10-26 04:29:14,1098779354.0,aes,15.619,11.05,38.819095477386945,1111.089966,7.888526668276588,30.930568809110355
256,2005-02-18 08:12:43,1108732363.0,aes,10.698,16.48,107.03517587939697,1201.589966,16.67621440037787,90.3589614790191
257,2007-04-11 05:09:29,1176282569.0,aes,6.513,22.42,181.65829145728645,1438.869995,39.71646633315065,141.9418251241358
258,2008-01-23 21:05:49,1201140349.0,aes,5.378,17.9,124.87437185929646,1338.599976,29.980094887141117,94.89427697215534
259,2008-04-23 21:50:03,1209001803.0,aes,5.687,17.63,121.48241206030148,1379.930054,33.993308361255906,87.48910369904559
260,2011-05-23 09:17:49,1306156669.0,aes,178.11,13.02,63.56783919597989,1317.369995,27.91863142209755,35.64920777388234
261,2013-05-23 20:50:51,1369356651.0,aes,279.88,12.9,62.060301507537694,1650.51001,60.26703388494325,1.793267622594442
262,2004-08-03 20:44:23,1091580263.0,aet,0.193,86.6,0.0,1099.689941,0.0,0.0
263,2004-11-30 04:45:36,1101807936.0,aet,0.178,118.21,36.50115473441109,1173.819946,6.7409914591553015,29.760163275255785
264,2005-02-04 06:20:07,1107516007.0,aet,0.178,130.85,51.096997690531175,1203.030029,9.397202261032586,41.69979542949859
265,2005-04-08 02:12:37,1112940757.0,aet,0.177,76.32,-11.870669745958432,1181.199951,7.412090168423206,-19.28275991438164
266,2005-09-23 17:26:49,1127510809.0,aet,0.17,82.71,-4.491916859122403,1215.290039,10.512062872456509,-15.003979731578912
267,2006-01-11 03:31:09,1136968269.0,aet,0.172,92.65,6.986143187066989,1294.180054,17.685904521700067,-10.699761334633077
268,2007-01-25 23:46:33,1169786793.0,aet,0.253,41.1,-52.54041570438799,1423.900024,29.481954041080012,-82.022369745468
269,2007-02-20 08:05:18,1171976718.0,aet,0.253,45.61,-47.3325635103926,1459.680054,32.73560115250702,-80.06816466289962
270,2008-01-23 22:12:23,1201144343.0,aet,0.31,54.11,-37.51732101616628,1338.599976,21.72521781755571,-59.24253883372199
271,2008-02-22 22:13:00,1203736380.0,aet,0.31,50.13,-42.113163972286365,1353.109985,23.044681464445617,-65.15784543673198
272,2009-10-02 08:48:44,1254487724.0,aet,0.389,27.58,-68.15242494226328,1025.209961,-6.772816338782903,-61.37960860348038
273,2009-10-15 09:39:45,1255613985.0,aet,0.389,26.03,-69.94226327944573,1096.560059,-0.2846149522068039,-69.65764832723892
274,2012-12-19 21:05:07,1355969107.0,aet,43.0,46.0,-46.882217090069275,1435.810059,30.564989772876334,-77.4472068629456
275,2013-06-05 05:12:09,1370423529.0,aet,63.37,59.36,-31.454965357967662,1608.900024,46.30487776735969,-77.75984312532735
276,2003-10-03 17:29:50,1065216590.0,afl,0.173,33.43,0.0,1029.849976,0.0,0.0
277,2005-01-25 00:35:34,1106631334.0,afl,0.189,39.58,18.396649715824108,1168.410034,13.454392506583893,4.942257209240214
278,2005-03-17 18:20:48,1111101648.0,afl,0.189,38.22,14.328447502243492,1190.209961,15.571198595629241,-1.242751093385749
279,2005-04-06 19:09:19,1112828959.0,afl,0.189,37.0,10.679030810649119,1184.069946,14.974993794630151,-4.295962983981033
280,2006-02-02 01:16:50,1138861010.0,afl,0.212,47.17,41.10080765779241,1270.839966,23.40049479206863,17.700312865723777
281,2007-02-20 18:32:53,1172014373.0,afl,0.171,48.45,44.92970385880946,1459.680054,41.73715473291422,3.1925491258952405
282,2008-01-23 12:52:38,1201110758.0,afl,0.172,61.31,83.39814537840265,1338.599976,29.980094887141117,53.418050491261525
283,2009-01-29 12:02:15,1233248535.0,afl,0.241,25.06,-25.037391564463064,845.1400150000001,-17.935618323498403,-7.101773240964661
284,2011-12-30 09:10:57,1325254257.0,afl,33.03,43.27,29.434639545318586,1257.599976,22.114871613105713,7.319767932212873
285,2012-07-17 03:10:14,1342509014.0,afl,30.49,43.2,29.225246784325464,1363.670044,32.41443664411951,-3.1891898597940482
286,2013-05-07 11:42:45,1367941365.0,afl,27.57,55.61,66.34759198324858,1625.959961,57.883186764282655,8.464405218965922
287,2003-11-17 22:46:03,1069127163.0,agn,0.739,76.65,0.0,1043.630005,0.0,0.0
288,2004-08-10 02:33:38,1092119618.0,agn,0.637,69.32,-9.562948467058071,1079.040039,3.3929681812856654,-12.955916648343736
289,2004-11-02 14:09:49,1099422589.0,agn,0.637,72.5,-5.414220482713641,1130.560059,8.329585541189948,-13.743806023903588
290,2005-03-10 01:40:57,1110436857.0,agn,0.522,75.47,-1.5394651011089455,1209.25,15.869608405902436,-17.40907350701138
291,2005-04-04 23:20:33,1112671233.0,agn,0.522,69.07,-9.889106327462507,1176.119995,12.695111233410735,-22.584217560873242
292,2005-08-29 12:42:47,1125333767.0,agn,0.51,92.83,21.10893672537507,1212.280029,16.159943964048836,4.948992761326235
293,2006-06-21 09:29:01,1150896541.0,agn,0.47,104.14,35.86431833007174,1252.199951,19.98504690366775,15.879271426403989
294,2007-02-20 16:30:00,1172007000.0,agn,0.544,113.32,47.840834964122614,1459.680054,39.865665705922275,7.975169258200339
295,2008-01-23 23:06:53,1201147613.0,agn,0.449,65.01,-15.185909980430528,1338.599976,28.263845384552738,-43.44975536498327
296,2012-08-22 22:58:41,1345690721.0,agn,28.52,85.43,11.454664057403784,1413.48999,35.43976152736238,-23.985097469958596
297,2013-04-22 02:49:52,1366613392.0,agn,26.63,113.74,48.38878016960207,1562.5,49.7178111508973,-1.329030981295226
298,2004-08-18 11:50:54,1092844254.0,aig,1.173,68.32,0.0,1095.170044,0.0,0.0
299,2005-01-18 04:07:03,1106039223.0,aig,1.162,66.14,-3.1908665105386316,1195.97998,9.204957399291331,-12.395823909829963
300,2005-04-28 12:07:20,1114704440.0,aig,1.162,51.85,-24.107142857142847,1143.219971,4.387439855869545,-28.49458271301239
301,2007-01-23 22:00:19,1169607619.0,aig,1.384,69.8,2.166276346604221,1427.98999,30.3897963447218,-28.223519998117578
302,2007-03-15 06:01:57,1173952917.0,aig,1.687,67.0,-1.9320843091334798,1392.280029,27.12911904664917,-29.06120335578265
303,2007-05-04 05:36:10,1178271370.0,aig,1.687,70.65,3.410421545667466,1505.619995,37.478193751618,-34.06777220595053
304,2007-06-05 04:27:22,1181032042.0,aig,1.614,72.55,6.191451990632324,1530.949951,39.791072572470775,-33.59962058183845
305,2007-07-06 07:35:21,1183721721.0,aig,1.614,70.27,2.8542154566744777,1530.439941,39.74450354852841,-36.89028809185393
306,2008-01-23 16:02:26,1201122146.0,aig,1.918,52.07,-23.7851288056206,1338.599976,22.22759226602805,-46.012721071648656
307,2008-05-23 12:57:40,1211561860.0,aig,2.282,37.81,-44.65749414519905,1375.930054,25.636202481812948,-70.293696627012
308,2008-10-27 11:48:40,1225122520.0,aig,2.411,1.7,-97.51170960187353,848.919983,-22.485098304971533,-75.026611296902
309,2008-12-17 11:42:57,1229532177.0,aig,3.273,1.8,-97.36533957845434,904.419983,-17.417392125089933,-79.9479474533644
310,2008-12-19 05:47:27,1229683647.0,aig,3.273,1.67,-97.55562060889929,887.8800050000001,-18.927657867895434,-78.62796274100386
311,2009-01-06 14:34:51,1231270491.0,aig,3.273,1.66,-97.57025761124122,934.7000119999999,-14.652522033372936,-82.91773557786829
312,2010-01-05 22:17:53,1262747873.0,aig,3.273,29.33,-57.06967213114754,1136.52002,3.7756671876244243,-60.84533931877196
313,2011-04-29 00:43:45,1304052225.0,aig,95.52,31.8,-53.45433255269321,1363.609985,24.51125671950904,-77.96558927220225
314,2011-09-02 15:22:28,1314991348.0,aig,85.55,24.08,-64.75409836065573,1173.969971,7.195223009587727,-71.94932137024345
315,2011-11-03 02:27:12,1320301632.0,aig,76.86,24.19,-64.59309133489461,1261.150024,15.155635502389625,-79.74872683728424
316,2011-11-04 17:31:20,1320442280.0,aig,76.86,23.75,-65.2371194379391,1253.22998,14.432456116376398,-79.6695755543155
317,2012-07-13 10:02:58,1342188178.0,aig,74.18,30.47,-55.40105386416862,1356.780029,23.887613291950128,-79.28866715611875
318,2012-11-12 11:30:45,1352737845.0,aig,71.9,32.17,-52.91276346604214,1380.030029,26.01057128622485,-78.923334752267
319,2013-01-30 10:56:28,1359561388.0,aig,71.9,37.82,-44.64285714285714,1501.959961,37.143995969268865,-81.78685311212601
320,2013-04-22 02:32:25,1366612345.0,aig,48.99,38.88,-43.091334894613574,1562.5,42.6719082173873,-85.76324311200088
